swap_id,status,acknowledged_date
2,ACCEPTED,2022-02-09
3,ACCEPTED,2022-01-31
6,ACCEPTED,2022-02-28
8,ACCEPTED,2022-02-15
9,REJECTED,2022-01-25
10,ACCEPTED,2022-02-28
12,ACCEPTED,2022-02-03
16,REJECTED,2022-02-14
17,ACCEPTED,2022-02-15
19,REJECTED,2022-02-17
22,ACCEPTED,2022-01-21
23,REJECTED,2022-02-07
24,REJECTED,2022-02-11
25,ACCEPTED,2022-02-24
27,ACCEPTED,2022-01-18
28,ACCEPTED,2022-02-18
29,REJECTED,2022-01-19
32,REJECTED,2022-02-11
36,ACCEPTED,2022-02-07
37,REJECTED,2022-01-28
38,ACCEPTED,2022-01-27
39,ACCEPTED,2022-02-21
40,REJECTED,2022-02-10
42,ACCEPTED,2022-02-24
43,REJECTED,2022-02-04
46,ACCEPTED,2022-01-26
49,ACCEPTED,2022-02-03
50,ACCEPTED,2022-02-04
51,ACCEPTED,2022-02-17
52,REJECTED,2022-02-24
54,REJECTED,2022-02-02
56,REJECTED,2022-02-03
57,ACCEPTED,2022-02-04
58,ACCEPTED,2022-01-27
59,ACCEPTED,2022-02-04
60,ACCEPTED,2022-02-02
62,ACCEPTED,2022-02-22
63,ACCEPTED,2022-02-17
64,ACCEPTED,2022-02-01
66,ACCEPTED,2022-01-28
67,ACCEPTED,2022-02-09
68,ACCEPTED,2022-02-01
70,ACCEPTED,2022-02-11
75,ACCEPTED,2022-02-02
78,ACCEPTED,2022-01-21
79,REJECTED,2022-01-24
80,ACCEPTED,2022-02-09
81,ACCEPTED,2022-01-27
84,ACCEPTED,2022-02-14
85,REJECTED,2022-01-20
86,ACCEPTED,2022-01-25
87,ACCEPTED,2022-01-31
89,ACCEPTED,2022-01-25
90,ACCEPTED,2022-01-31
92,REJECTED,2022-02-22
93,ACCEPTED,2022-02-08
94,ACCEPTED,2022-01-27
96,ACCEPTED,2022-02-10
97,REJECTED,2022-02-07
98,REJECTED,2022-02-17
99,ACCEPTED,2022-02-09
101,ACCEPTED,2022-01-26
102,ACCEPTED,2022-01-24
104,REJECTED,2022-02-17
106,ACCEPTED,2022-02-11
107,REJECTED,2022-02-02
109,ACCEPTED,2022-02-03
110,ACCEPTED,2022-02-11
111,REJECTED,2022-01-20
114,REJECTED,2022-02-11
115,ACCEPTED,2022-02-21
116,ACCEPTED,2022-02-25
118,ACCEPTED,2022-02-03
120,REJECTED,2022-02-10
121,ACCEPTED,2022-01-24
122,ACCEPTED,2022-02-23
123,ACCEPTED,2022-02-24
125,ACCEPTED,2022-01-26
126,ACCEPTED,2022-02-18
128,ACCEPTED,2022-02-07
131,ACCEPTED,2022-02-15
133,REJECTED,2022-02-03
134,REJECTED,2022-01-28
137,REJECTED,2022-02-09
138,REJECTED,2022-02-18
139,REJECTED,2022-02-16
140,ACCEPTED,2022-02-15
141,REJECTED,2022-02-25
142,REJECTED,2022-02-03
145,REJECTED,2022-02-02
146,ACCEPTED,2022-01-28
153,REJECTED,2022-02-14
154,ACCEPTED,2022-01-31
157,ACCEPTED,2022-02-15
158,ACCEPTED,2022-02-16
163,REJECTED,2022-02-03
164,ACCEPTED,2022-02-08
165,REJECTED,2022-02-03
166,ACCEPTED,2022-02-17
167,ACCEPTED,2022-01-26
168,REJECTED,2022-02-14
170,ACCEPTED,2022-02-23
171,ACCEPTED,2022-02-28
172,REJECTED,2022-01-25
174,REJECTED,2022-01-21
175,REJECTED,2022-02-01
178,ACCEPTED,2022-02-01
180,ACCEPTED,2022-01-28
181,REJECTED,2022-02-15
183,ACCEPTED,2022-02-04
186,REJECTED,2022-02-09
187,ACCEPTED,2022-02-03
191,REJECTED,2022-02-21
192,ACCEPTED,2022-01-31
193,REJECTED,2022-02-03
196,ACCEPTED,2022-02-17
197,ACCEPTED,2022-01-26
198,ACCEPTED,2022-02-22
200,REJECTED,2022-02-02
201,ACCEPTED,2022-01-24
204,REJECTED,2022-02-02
206,REJECTED,2022-01-20
208,ACCEPTED,2022-01-21
214,ACCEPTED,2022-02-17
217,ACCEPTED,2022-02-02
218,ACCEPTED,2022-01-20
219,ACCEPTED,2022-02-24
220,ACCEPTED,2022-02-07
222,ACCEPTED,2022-02-23
223,REJECTED,2022-02-14
224,ACCEPTED,2022-01-20
225,REJECTED,2022-02-17
226,REJECTED,2022-02-28
227,ACCEPTED,2022-01-19
228,ACCEPTED,2022-01-27
230,REJECTED,2022-02-24
231,REJECTED,2022-02-24
232,REJECTED,2022-02-25
233,ACCEPTED,2022-02-08
237,ACCEPTED,2022-01-27
238,REJECTED,2022-02-17
241,REJECTED,2022-02-16
242,ACCEPTED,2022-02-08
244,REJECTED,2022-01-25
249,REJECTED,2022-02-01
253,ACCEPTED,2022-02-25
254,REJECTED,2022-02-17
256,ACCEPTED,2022-02-08
257,REJECTED,2022-01-25
258,ACCEPTED,2022-02-14
259,REJECTED,2022-01-24
260,REJECTED,2022-02-17
261,ACCEPTED,2022-02-01
262,REJECTED,2022-01-31
263,REJECTED,2022-02-07
265,ACCEPTED,2022-01-27
266,ACCEPTED,2022-02-25
268,ACCEPTED,2022-02-18
270,ACCEPTED,2022-02-22
271,REJECTED,2022-02-28
272,REJECTED,2022-02-02
273,ACCEPTED,2022-02-10
274,REJECTED,2022-02-21
276,REJECTED,2022-02-04
277,REJECTED,2022-02-21
280,ACCEPTED,2022-02-21
281,REJECTED,2022-02-09
282,ACCEPTED,2022-02-07
285,ACCEPTED,2022-02-11
288,REJECTED,2022-02-11
289,REJECTED,2022-02-18
290,REJECTED,2022-02-14
291,REJECTED,2022-02-03
292,REJECTED,2022-01-19
293,REJECTED,2022-02-11
294,ACCEPTED,2022-01-26
295,ACCEPTED,2022-01-24
296,ACCEPTED,2022-01-27
297,REJECTED,2022-02-22
300,REJECTED,2022-02-23
301,REJECTED,2022-01-26
302,REJECTED,2022-01-26
303,REJECTED,2022-01-20
304,REJECTED,2022-02-09
305,ACCEPTED,2022-02-16
307,REJECTED,2022-01-25
308,ACCEPTED,2022-01-31
310,REJECTED,2022-01-20
312,REJECTED,2022-02-11
316,ACCEPTED,2022-02-17
319,REJECTED,2022-02-21
320,REJECTED,2022-01-26
322,ACCEPTED,2022-02-18
324,ACCEPTED,2022-01-25
326,ACCEPTED,2022-01-28
329,REJECTED,2022-02-28
331,REJECTED,2022-02-01
333,ACCEPTED,2022-02-15
334,ACCEPTED,2022-01-21
335,ACCEPTED,2022-01-24
336,ACCEPTED,2022-01-24
337,ACCEPTED,2022-01-19
338,ACCEPTED,2022-02-03
340,REJECTED,2022-02-09
342,ACCEPTED,2022-02-17
343,REJECTED,2022-02-10
344,ACCEPTED,2022-02-10
345,REJECTED,2022-02-21
347,ACCEPTED,2022-02-02
348,REJECTED,2022-02-02
350,ACCEPTED,2022-01-21
351,ACCEPTED,2022-02-14
352,ACCEPTED,2022-02-03
354,ACCEPTED,2022-02-22
355,ACCEPTED,2022-02-11
356,ACCEPTED,2022-02-16
357,ACCEPTED,2022-02-07
361,ACCEPTED,2022-01-26
363,ACCEPTED,2022-02-14
365,ACCEPTED,2022-01-27
368,REJECTED,2022-02-02
369,ACCEPTED,2022-02-18
371,ACCEPTED,2022-01-27
372,ACCEPTED,2022-02-14
373,ACCEPTED,2022-02-08
375,ACCEPTED,2022-02-22
376,REJECTED,2022-02-23
377,ACCEPTED,2022-02-18
378,ACCEPTED,2022-02-02
381,ACCEPTED,2022-01-20
382,ACCEPTED,2022-02-01
383,ACCEPTED,2022-02-04
384,ACCEPTED,2022-01-31
385,REJECTED,2022-02-17
387,REJECTED,2022-02-11
389,REJECTED,2022-02-11
391,ACCEPTED,2022-02-28
392,REJECTED,2022-02-28
393,ACCEPTED,2022-02-01
395,ACCEPTED,2022-01-26
396,ACCEPTED,2022-02-16
397,ACCEPTED,2022-02-04
398,REJECTED,2022-02-22
399,ACCEPTED,2022-02-07
400,ACCEPTED,2022-02-04
404,ACCEPTED,2022-02-23
406,REJECTED,2022-01-18
408,ACCEPTED,2022-02-04
411,ACCEPTED,2022-01-24
412,REJECTED,2022-02-07
413,ACCEPTED,2022-02-28
414,ACCEPTED,2022-02-21
415,ACCEPTED,2022-02-10
416,REJECTED,2022-02-04
418,ACCEPTED,2022-02-07
420,ACCEPTED,2022-01-24
421,ACCEPTED,2022-02-28
422,ACCEPTED,2022-02-08
424,REJECTED,2022-01-27
426,REJECTED,2022-02-11
427,ACCEPTED,2022-01-24
428,ACCEPTED,2022-01-28
429,ACCEPTED,2022-01-26
430,REJECTED,2022-02-11
431,ACCEPTED,2022-01-21
432,ACCEPTED,2022-02-03
433,ACCEPTED,2022-02-04
438,ACCEPTED,2022-02-21
442,ACCEPTED,2022-02-03
443,REJECTED,2022-01-25
444,ACCEPTED,2022-02-18
445,REJECTED,2022-02-17
446,ACCEPTED,2022-01-20
449,REJECTED,2022-02-28
451,ACCEPTED,2022-02-24
452,ACCEPTED,2022-01-31
453,ACCEPTED,2022-02-10
454,ACCEPTED,2022-02-02
455,REJECTED,2022-01-28
459,ACCEPTED,2022-02-02
464,REJECTED,2022-02-08
465,REJECTED,2022-01-31
466,REJECTED,2022-02-09
467,ACCEPTED,2022-02-22
469,ACCEPTED,2022-02-11
470,ACCEPTED,2022-02-25
471,REJECTED,2022-02-07
472,ACCEPTED,2022-02-04
473,ACCEPTED,2022-02-07
474,ACCEPTED,2022-02-02
475,ACCEPTED,2022-02-09
476,REJECTED,2022-01-25
477,ACCEPTED,2022-02-21
478,ACCEPTED,2022-02-15
480,ACCEPTED,2022-02-15
481,REJECTED,2022-02-11
482,ACCEPTED,2022-01-19
483,ACCEPTED,2022-01-28
484,REJECTED,2022-02-02
486,ACCEPTED,2022-02-23
488,ACCEPTED,2022-02-16
489,REJECTED,2022-02-17
490,ACCEPTED,2022-01-31
493,ACCEPTED,2022-02-25
494,REJECTED,2022-01-24
495,REJECTED,2022-02-24
496,ACCEPTED,2022-01-28
497,ACCEPTED,2022-01-28
500,ACCEPTED,2022-02-04
502,ACCEPTED,2022-02-25
503,ACCEPTED,2022-02-10
504,ACCEPTED,2022-01-31
505,ACCEPTED,2022-02-04
506,ACCEPTED,2022-01-24
509,REJECTED,2022-02-10
510,ACCEPTED,2022-02-16
511,ACCEPTED,2022-01-25
517,REJECTED,2022-02-16
519,REJECTED,2022-02-11
520,ACCEPTED,2022-02-04
523,ACCEPTED,2022-02-07
524,ACCEPTED,2022-02-18
526,ACCEPTED,2022-01-19
532,REJECTED,2022-01-25
535,ACCEPTED,2022-02-21
538,ACCEPTED,2022-02-11
539,ACCEPTED,2022-02-03
540,ACCEPTED,2022-02-01
542,ACCEPTED,2022-02-11
543,REJECTED,2022-02-02
544,ACCEPTED,2022-02-21
545,ACCEPTED,2022-01-20
547,ACCEPTED,2022-02-18
548,ACCEPTED,2022-02-16
550,REJECTED,2022-02-09
551,ACCEPTED,2022-01-31
552,ACCEPTED,2022-01-31
554,ACCEPTED,2022-02-03
555,ACCEPTED,2022-02-16
556,ACCEPTED,2022-01-26
559,REJECTED,2022-02-02
560,REJECTED,2022-02-10
561,REJECTED,2022-02-08
562,ACCEPTED,2022-01-31
565,ACCEPTED,2022-02-28
566,REJECTED,2022-02-10
569,REJECTED,2022-02-01
570,ACCEPTED,2022-01-21
571,REJECTED,2022-01-21
573,REJECTED,2022-02-11
576,ACCEPTED,2022-01-31
577,ACCEPTED,2022-02-21
579,ACCEPTED,2022-01-21
581,REJECTED,2022-01-19
583,REJECTED,2022-02-25
584,ACCEPTED,2022-01-25
585,ACCEPTED,2022-02-08
586,ACCEPTED,2022-02-15
588,REJECTED,2022-02-21
589,REJECTED,2022-02-28
594,ACCEPTED,2022-01-19
597,REJECTED,2022-01-27
598,ACCEPTED,2022-02-01
599,ACCEPTED,2022-02-25
600,REJECTED,2022-02-09
601,ACCEPTED,2022-02-15
602,ACCEPTED,2022-01-24
605,ACCEPTED,2022-02-08
606,REJECTED,2022-02-08
607,ACCEPTED,2022-01-28
609,ACCEPTED,2022-02-11
611,REJECTED,2022-01-25
612,REJECTED,2022-02-22
613,REJECTED,2022-02-11
614,REJECTED,2022-02-04
615,REJECTED,2022-02-18
617,ACCEPTED,2022-01-20
618,REJECTED,2022-02-14
619,REJECTED,2022-01-27
620,ACCEPTED,2022-02-03
621,ACCEPTED,2022-02-14
622,REJECTED,2022-02-10
623,ACCEPTED,2022-02-04
624,ACCEPTED,2022-02-24
625,REJECTED,2022-01-24
626,ACCEPTED,2022-01-26
627,REJECTED,2022-02-24
628,ACCEPTED,2022-02-10
629,ACCEPTED,2022-02-10
630,REJECTED,2022-02-23
633,ACCEPTED,2022-01-28
637,ACCEPTED,2022-02-10
638,REJECTED,2022-02-01
641,ACCEPTED,2022-01-24
643,REJECTED,2022-01-31
644,ACCEPTED,2022-01-26
645,REJECTED,2022-02-07
646,ACCEPTED,2022-01-24
649,REJECTED,2022-02-28
650,ACCEPTED,2022-02-23
651,REJECTED,2022-02-21
652,ACCEPTED,2022-02-24
654,REJECTED,2022-01-24
655,REJECTED,2022-02-09
658,ACCEPTED,2022-01-21
659,REJECTED,2022-02-07
660,REJECTED,2022-01-24
663,ACCEPTED,2022-02-08
664,REJECTED,2022-02-14
666,REJECTED,2022-02-21
667,ACCEPTED,2022-01-26
668,REJECTED,2022-01-31
669,REJECTED,2022-01-27
671,ACCEPTED,2022-01-31
673,REJECTED,2022-02-08
675,ACCEPTED,2022-01-19
676,ACCEPTED,2022-02-01
677,ACCEPTED,2022-02-17
678,ACCEPTED,2022-02-08
680,ACCEPTED,2022-02-01
681,REJECTED,2022-02-14
683,ACCEPTED,2022-02-14
684,ACCEPTED,2022-02-14
686,ACCEPTED,2022-01-31
687,REJECTED,2022-02-11
688,ACCEPTED,2022-01-27
689,ACCEPTED,2022-01-19
690,REJECTED,2022-01-31
691,ACCEPTED,2022-02-11
694,REJECTED,2022-02-14
695,REJECTED,2022-02-11
696,REJECTED,2022-01-26
698,ACCEPTED,2022-02-04
699,ACCEPTED,2022-02-15
702,ACCEPTED,2022-02-07
703,REJECTED,2022-02-16
706,ACCEPTED,2022-02-28
707,REJECTED,2022-02-03
708,ACCEPTED,2022-01-20
712,ACCEPTED,2022-02-02
713,REJECTED,2022-02-04
717,ACCEPTED,2022-02-18
718,ACCEPTED,2022-02-01
719,REJECTED,2022-01-27
720,ACCEPTED,2022-02-18
721,ACCEPTED,2022-02-04
722,ACCEPTED,2022-02-21
723,REJECTED,2022-01-26
724,ACCEPTED,2022-02-03
725,ACCEPTED,2022-02-01
729,ACCEPTED,2022-02-23
732,REJECTED,2022-02-25
734,REJECTED,2022-02-25
735,REJECTED,2022-02-10
736,REJECTED,2022-02-03
737,ACCEPTED,2022-02-09
738,ACCEPTED,2022-01-20
739,ACCEPTED,2022-02-25
742,ACCEPTED,2022-02-24
743,ACCEPTED,2022-02-22
744,ACCEPTED,2022-02-16
745,ACCEPTED,2022-01-21
747,ACCEPTED,2022-01-26
748,ACCEPTED,2022-02-01
751,REJECTED,2022-02-24
755,ACCEPTED,2022-01-24
756,ACCEPTED,2022-02-09
757,ACCEPTED,2022-02-07
759,REJECTED,2022-01-25
760,ACCEPTED,2022-02-11
763,ACCEPTED,2022-01-31
764,ACCEPTED,2022-02-07
767,ACCEPTED,2022-02-10
768,ACCEPTED,2022-01-31
771,REJECTED,2022-02-09
772,ACCEPTED,2022-02-10
773,ACCEPTED,2022-01-28
774,ACCEPTED,2022-01-21
775,ACCEPTED,2022-02-21
776,ACCEPTED,2022-02-16
779,REJECTED,2022-02-10
780,ACCEPTED,2022-02-14
781,ACCEPTED,2022-01-31
782,ACCEPTED,2022-02-16
783,ACCEPTED,2022-02-21
784,REJECTED,2022-01-20
786,ACCEPTED,2022-02-23
787,ACCEPTED,2022-01-26
788,ACCEPTED,2022-01-28
789,REJECTED,2022-02-18
790,REJECTED,2022-01-31
792,REJECTED,2022-02-11
793,ACCEPTED,2022-01-31
794,ACCEPTED,2022-02-18
795,ACCEPTED,2022-01-24
796,ACCEPTED,2022-02-08
797,ACCEPTED,2022-02-04
798,REJECTED,2022-02-08
801,ACCEPTED,2022-02-11
810,ACCEPTED,2022-01-28
812,REJECTED,2022-01-28
814,ACCEPTED,2022-02-22
815,ACCEPTED,2022-02-08
816,REJECTED,2022-02-01
817,ACCEPTED,2022-02-07
818,ACCEPTED,2022-02-25
820,REJECTED,2022-02-18
821,REJECTED,2022-01-28
823,ACCEPTED,2022-02-07
827,ACCEPTED,2022-01-25
828,ACCEPTED,2022-02-09
829,ACCEPTED,2022-02-14
830,ACCEPTED,2022-02-01
832,ACCEPTED,2022-02-07
833,REJECTED,2022-01-27
834,REJECTED,2022-01-25
836,ACCEPTED,2022-01-25
837,ACCEPTED,2022-02-17
838,ACCEPTED,2022-02-07
839,ACCEPTED,2022-01-27
840,ACCEPTED,2022-01-24
841,REJECTED,2022-02-11
843,ACCEPTED,2022-02-17
844,REJECTED,2022-01-27
848,ACCEPTED,2022-02-01
849,REJECTED,2022-02-02
850,ACCEPTED,2022-02-28
853,REJECTED,2022-02-11
854,ACCEPTED,2022-01-20
856,REJECTED,2022-02-08
857,ACCEPTED,2022-02-11
859,ACCEPTED,2022-02-08
862,ACCEPTED,2022-02-24
863,ACCEPTED,2022-01-19
865,REJECTED,2022-02-14
868,REJECTED,2022-02-08
869,REJECTED,2022-02-23
872,ACCEPTED,2022-01-25
873,ACCEPTED,2022-02-04
875,ACCEPTED,2022-02-10
876,ACCEPTED,2022-02-28
879,REJECTED,2022-02-15
880,REJECTED,2022-02-11
881,ACCEPTED,2022-01-24
882,ACCEPTED,2022-02-24
883,ACCEPTED,2022-02-21
884,ACCEPTED,2022-02-14
887,REJECTED,2022-01-31
890,REJECTED,2022-02-18
894,REJECTED,2022-01-26
895,ACCEPTED,2022-02-07
896,ACCEPTED,2022-01-20
897,REJECTED,2022-02-16
898,ACCEPTED,2022-02-28
899,REJECTED,2022-02-24
900,ACCEPTED,2022-02-28
901,ACCEPTED,2022-02-21
904,REJECTED,2022-01-31
905,REJECTED,2022-02-28
906,ACCEPTED,2022-01-28
909,REJECTED,2022-02-15
910,ACCEPTED,2022-02-23
911,REJECTED,2022-02-04
912,ACCEPTED,2022-02-22
913,ACCEPTED,2022-01-21
914,ACCEPTED,2022-01-27
917,REJECTED,2022-02-04
919,ACCEPTED,2022-01-28
922,ACCEPTED,2022-02-21
923,ACCEPTED,2022-02-07
924,REJECTED,2022-01-24
926,ACCEPTED,2022-01-31
927,REJECTED,2022-01-27
928,REJECTED,2022-02-10
930,REJECTED,2022-02-08
931,REJECTED,2022-01-31
933,ACCEPTED,2022-02-08
934,REJECTED,2022-02-22
937,REJECTED,2022-01-31
938,REJECTED,2022-02-17
940,ACCEPTED,2022-02-17
941,ACCEPTED,2022-02-18
943,ACCEPTED,2022-02-24
946,REJECTED,2022-02-10
948,REJECTED,2022-01-27
949,ACCEPTED,2022-02-11
950,ACCEPTED,2022-02-16
951,ACCEPTED,2022-02-16
952,ACCEPTED,2022-02-15
953,ACCEPTED,2022-01-26
955,ACCEPTED,2022-02-08
956,ACCEPTED,2022-02-28
957,REJECTED,2022-02-21
958,ACCEPTED,2022-02-28
961,REJECTED,2022-01-26
962,ACCEPTED,2022-01-27
964,REJECTED,2022-01-25
965,ACCEPTED,2022-01-21
966,REJECTED,2022-02-15
968,ACCEPTED,2022-02-25
969,ACCEPTED,2022-02-15
970,ACCEPTED,2022-01-25
974,REJECTED,2022-01-28
975,ACCEPTED,2022-02-03
978,ACCEPTED,2022-02-01
979,REJECTED,2022-02-25
980,ACCEPTED,2022-02-17
981,ACCEPTED,2022-02-09
983,REJECTED,2022-01-31
984,REJECTED,2022-02-28
985,REJECTED,2022-02-08
990,REJECTED,2022-01-20
992,ACCEPTED,2022-02-23
993,ACCEPTED,2022-02-11
994,ACCEPTED,2022-01-25
995,REJECTED,2022-02-15
998,ACCEPTED,2022-01-25
999,REJECTED,2022-02-03
1002,ACCEPTED,2022-02-09
1003,ACCEPTED,2022-02-08
1004,ACCEPTED,2022-02-23
1007,REJECTED,2022-01-31
1008,ACCEPTED,2022-02-21
1009,REJECTED,2022-02-28
1010,REJECTED,2022-01-26
1011,ACCEPTED,2022-02-24
1014,REJECTED,2022-01-26
1015,ACCEPTED,2022-02-14
1016,ACCEPTED,2022-02-09
1017,ACCEPTED,2022-02-07
1018,ACCEPTED,2022-02-16
1019,ACCEPTED,2022-01-19
1020,REJECTED,2022-02-04
1023,ACCEPTED,2022-01-21
1024,ACCEPTED,2022-02-03
1025,ACCEPTED,2022-02-21
1026,REJECTED,2022-02-24
1029,ACCEPTED,2022-01-27
1030,ACCEPTED,2022-01-25
1031,ACCEPTED,2022-01-26
1032,ACCEPTED,2022-01-18
1033,REJECTED,2022-02-09
1035,ACCEPTED,2022-02-28
1038,ACCEPTED,2022-02-07
1042,ACCEPTED,2022-02-09
1044,ACCEPTED,2022-02-03
1047,ACCEPTED,2022-02-03
1048,ACCEPTED,2022-02-25
1049,REJECTED,2022-02-02
1050,ACCEPTED,2022-02-04
1051,REJECTED,2022-01-26
1053,ACCEPTED,2022-01-28
1054,ACCEPTED,2022-01-25
1056,REJECTED,2022-01-19
1057,REJECTED,2022-02-04
1058,ACCEPTED,2022-01-24
1060,REJECTED,2022-02-21
1062,ACCEPTED,2022-02-04
1064,REJECTED,2022-01-28
1065,ACCEPTED,2022-01-27
1066,ACCEPTED,2022-02-02
1070,ACCEPTED,2022-02-28
1071,ACCEPTED,2022-02-15
1073,ACCEPTED,2022-01-26
1075,REJECTED,2022-02-14
1080,REJECTED,2022-02-28
1081,ACCEPTED,2022-01-28
1083,ACCEPTED,2022-02-10
1085,ACCEPTED,2022-02-17
1086,REJECTED,2022-02-09
1087,REJECTED,2022-02-10
1092,REJECTED,2022-01-24
1100,REJECTED,2022-01-20
1101,ACCEPTED,2022-02-18
1102,ACCEPTED,2022-02-02
1104,REJECTED,2022-02-22
1105,ACCEPTED,2022-02-16
1106,REJECTED,2022-02-03
1107,ACCEPTED,2022-02-28
1108,REJECTED,2022-02-08
1110,ACCEPTED,2022-01-19
1111,ACCEPTED,2022-01-25
1113,REJECTED,2022-02-02
1117,REJECTED,2022-02-07
1118,ACCEPTED,2022-01-25
1119,ACCEPTED,2022-02-22
1121,REJECTED,2022-02-04
1122,ACCEPTED,2022-02-28
1124,REJECTED,2022-01-28
1125,REJECTED,2022-02-07
1126,ACCEPTED,2022-01-31
1127,ACCEPTED,2022-02-14
1130,REJECTED,2022-02-09
1131,ACCEPTED,2022-02-17
1133,ACCEPTED,2022-02-28
1136,ACCEPTED,2022-02-01
1137,ACCEPTED,2022-01-27
1138,ACCEPTED,2022-02-11
1141,ACCEPTED,2022-01-26
1143,ACCEPTED,2022-02-23
1145,ACCEPTED,2022-02-02
1146,ACCEPTED,2022-02-07
1147,ACCEPTED,2022-01-24
1148,ACCEPTED,2022-02-01
1149,ACCEPTED,2022-01-27
1151,ACCEPTED,2022-02-25
1152,ACCEPTED,2022-02-14
1153,ACCEPTED,2022-02-09
1154,ACCEPTED,2022-01-26
1155,REJECTED,2022-02-09
1157,REJECTED,2022-02-07
1158,ACCEPTED,2022-02-03
1164,REJECTED,2022-02-09
1165,ACCEPTED,2022-02-04
1167,REJECTED,2022-02-07
1169,REJECTED,2022-02-22
1170,REJECTED,2022-02-16
1171,ACCEPTED,2022-02-22
1173,REJECTED,2022-02-17
1174,ACCEPTED,2022-02-04
1175,ACCEPTED,2022-02-14
1176,ACCEPTED,2022-02-21
1177,ACCEPTED,2022-02-01
1179,REJECTED,2022-02-22
1182,REJECTED,2022-02-09
1183,REJECTED,2022-01-28
1184,ACCEPTED,2022-02-18
1186,ACCEPTED,2022-02-17
1187,ACCEPTED,2022-01-24
1189,REJECTED,2022-01-27
1190,REJECTED,2022-02-24
1191,ACCEPTED,2022-02-09
1194,ACCEPTED,2022-02-11
1195,ACCEPTED,2022-02-11
1196,ACCEPTED,2022-02-11
1200,ACCEPTED,2022-02-21
1202,ACCEPTED,2022-01-26
1204,REJECTED,2022-02-21
1205,REJECTED,2022-01-28
1206,ACCEPTED,2022-01-31
1208,REJECTED,2022-02-15
1209,REJECTED,2022-02-15
1212,ACCEPTED,2022-02-14
1213,ACCEPTED,2022-01-27
1215,ACCEPTED,2022-02-17
1217,ACCEPTED,2022-02-25
1218,REJECTED,2022-02-25
1219,REJECTED,2022-02-09
1220,ACCEPTED,2022-02-18
1221,REJECTED,2022-01-24
1222,ACCEPTED,2022-02-22
1223,ACCEPTED,2022-02-11
1224,REJECTED,2022-02-21
1226,ACCEPTED,2022-02-09
1228,ACCEPTED,2022-02-15
1229,ACCEPTED,2022-02-10
1232,ACCEPTED,2022-02-28
1233,REJECTED,2022-01-27
1235,REJECTED,2022-02-18
1236,REJECTED,2022-01-27
1237,REJECTED,2022-02-03
1239,ACCEPTED,2022-01-25
1240,ACCEPTED,2022-01-24
1241,REJECTED,2022-02-01
1244,REJECTED,2022-02-16
1248,ACCEPTED,2022-02-21
1250,ACCEPTED,2022-01-27
1252,ACCEPTED,2022-02-02
1254,ACCEPTED,2022-02-17
1257,ACCEPTED,2022-02-16
1258,ACCEPTED,2022-01-21
1259,ACCEPTED,2022-02-03
1262,REJECTED,2022-01-27
1266,REJECTED,2022-02-07
1269,ACCEPTED,2022-02-22
1270,REJECTED,2022-02-28
1272,ACCEPTED,2022-02-04
1273,ACCEPTED,2022-01-20
1277,ACCEPTED,2022-02-15
1278,ACCEPTED,2022-02-01
1279,ACCEPTED,2022-02-14
1280,ACCEPTED,2022-02-18
1281,ACCEPTED,2022-02-15
1282,ACCEPTED,2022-02-03
1284,ACCEPTED,2022-02-08
1285,REJECTED,2022-02-08
1286,REJECTED,2022-01-25
1288,ACCEPTED,2022-02-15
1293,REJECTED,2022-02-09
1294,REJECTED,2022-02-16
1299,REJECTED,2022-02-01
1300,ACCEPTED,2022-02-02
1302,ACCEPTED,2022-01-31
1306,ACCEPTED,2022-02-24
1307,ACCEPTED,2022-02-02
1308,ACCEPTED,2022-02-18
1309,ACCEPTED,2022-02-21
1310,REJECTED,2022-02-03
1311,REJECTED,2022-02-09
1312,ACCEPTED,2022-02-09
1314,ACCEPTED,2022-01-28
1318,ACCEPTED,2022-02-04
1321,ACCEPTED,2022-02-23
1322,REJECTED,2022-02-01
1324,ACCEPTED,2022-01-28
1325,ACCEPTED,2022-02-10
1326,REJECTED,2022-02-24
1327,REJECTED,2022-02-21
1328,REJECTED,2022-02-22
1329,REJECTED,2022-02-09
1337,REJECTED,2022-02-14
1338,REJECTED,2022-02-17
1340,ACCEPTED,2022-01-27
1341,REJECTED,2022-02-28
1343,REJECTED,2022-02-28
1344,ACCEPTED,2022-01-31
1347,ACCEPTED,2022-01-27
1348,ACCEPTED,2022-01-24
1350,ACCEPTED,2022-01-20
1351,ACCEPTED,2022-02-09
1353,ACCEPTED,2022-01-24
1355,REJECTED,2022-01-31
1356,ACCEPTED,2022-02-02
1358,ACCEPTED,2022-01-19
1359,ACCEPTED,2022-01-25
1361,REJECTED,2022-02-07
1364,REJECTED,2022-02-14
1367,REJECTED,2022-02-07
1368,ACCEPTED,2022-02-25
1369,ACCEPTED,2022-02-17
1370,ACCEPTED,2022-02-07
1371,ACCEPTED,2022-02-10
1372,ACCEPTED,2022-02-10
1373,ACCEPTED,2022-02-01
1376,REJECTED,2022-02-08
1377,ACCEPTED,2022-01-27
1378,ACCEPTED,2022-02-15
1380,REJECTED,2022-01-24
1382,REJECTED,2022-02-03
1383,REJECTED,2022-02-16
1384,ACCEPTED,2022-01-27
1386,REJECTED,2022-01-28
1388,ACCEPTED,2022-02-04
1389,ACCEPTED,2022-01-31
1390,REJECTED,2022-02-01
1391,REJECTED,2022-02-09
1395,ACCEPTED,2022-02-25
1396,ACCEPTED,2022-02-10
1399,REJECTED,2022-02-22
1400,REJECTED,2022-02-01
1402,REJECTED,2022-01-20
1404,REJECTED,2022-02-14
1405,ACCEPTED,2022-02-17
1409,ACCEPTED,2022-02-14
1411,REJECTED,2022-02-02
1412,ACCEPTED,2022-01-28
1413,ACCEPTED,2022-02-16
1415,REJECTED,2022-02-07
1416,REJECTED,2022-02-18
1419,REJECTED,2022-02-02
1420,ACCEPTED,2022-02-14
1421,ACCEPTED,2022-01-26
1422,ACCEPTED,2022-01-21
1423,REJECTED,2022-02-17
1424,REJECTED,2022-02-01
1426,REJECTED,2022-02-10
1430,ACCEPTED,2022-02-21
1431,ACCEPTED,2022-02-22
1433,ACCEPTED,2022-02-14
1434,ACCEPTED,2022-02-03
1435,REJECTED,2022-01-20
1439,ACCEPTED,2022-01-26
1441,ACCEPTED,2022-02-22
1442,ACCEPTED,2022-02-09
1443,ACCEPTED,2022-02-09
1444,ACCEPTED,2022-02-07
1446,ACCEPTED,2022-02-25
1448,ACCEPTED,2022-02-14
1449,REJECTED,2022-01-31
1450,ACCEPTED,2022-02-04
1452,REJECTED,2022-02-18
1455,REJECTED,2022-02-16
1458,REJECTED,2022-01-24
1462,ACCEPTED,2022-01-31
1463,ACCEPTED,2022-02-17
1464,REJECTED,2022-02-21
1465,REJECTED,2022-02-01
1466,REJECTED,2022-02-10
1467,ACCEPTED,2022-02-28
1468,ACCEPTED,2022-01-19
1470,ACCEPTED,2022-02-24
1471,REJECTED,2022-02-17
1472,ACCEPTED,2022-02-22
1473,ACCEPTED,2022-02-08
1474,ACCEPTED,2022-02-10
1475,ACCEPTED,2022-02-22
1478,REJECTED,2022-01-31
1480,ACCEPTED,2022-02-07
1481,ACCEPTED,2022-01-26
1482,REJECTED,2022-02-22
1484,ACCEPTED,2022-01-31
1485,ACCEPTED,2022-02-24
1486,REJECTED,2022-02-10
1487,ACCEPTED,2022-01-31
1489,REJECTED,2022-02-21
1490,ACCEPTED,2022-02-04
1491,REJECTED,2022-02-07
1493,REJECTED,2022-01-27
1495,ACCEPTED,2022-02-10
1496,ACCEPTED,2022-01-26
1497,ACCEPTED,2022-02-14
1499,ACCEPTED,2022-02-25
1500,REJECTED,2022-02-03
1503,ACCEPTED,2022-02-18
1505,ACCEPTED,2022-02-04
1506,REJECTED,2022-02-09
1508,ACCEPTED,2022-02-04
1510,REJECTED,2022-02-23
1512,ACCEPTED,2022-02-17
1513,REJECTED,2022-02-14
1514,ACCEPTED,2022-02-03
1516,ACCEPTED,2022-02-04
1518,REJECTED,2022-02-16
1522,ACCEPTED,2022-01-31
1523,REJECTED,2022-02-24
1524,ACCEPTED,2022-02-09
1526,REJECTED,2022-02-11
1528,ACCEPTED,2022-02-04
1529,REJECTED,2022-01-27
1533,REJECTED,2022-02-02
1535,ACCEPTED,2022-02-14
1536,ACCEPTED,2022-01-25
1537,REJECTED,2022-02-23
1539,REJECTED,2022-01-18
1540,REJECTED,2022-02-07
1542,ACCEPTED,2022-02-02
1543,ACCEPTED,2022-02-01
1544,REJECTED,2022-01-28
1545,REJECTED,2022-02-04
1546,ACCEPTED,2022-02-07
1547,ACCEPTED,2022-02-24
1548,ACCEPTED,2022-01-20
1549,REJECTED,2022-01-31
1550,ACCEPTED,2022-02-28
1551,ACCEPTED,2022-02-17
1552,REJECTED,2022-02-02
1553,REJECTED,2022-02-17
1554,ACCEPTED,2022-02-16
1556,REJECTED,2022-02-16
1557,REJECTED,2022-01-20
1558,ACCEPTED,2022-02-03
1560,ACCEPTED,2022-02-04
1563,REJECTED,2022-02-15
1565,REJECTED,2022-02-15
1566,REJECTED,2022-01-24
1568,REJECTED,2022-02-07
1569,ACCEPTED,2022-02-03
1571,REJECTED,2022-02-15
1574,REJECTED,2022-02-03
1575,ACCEPTED,2022-02-09
1577,REJECTED,2022-02-18
1578,REJECTED,2022-02-25
1579,ACCEPTED,2022-02-09
1581,ACCEPTED,2022-02-18
1583,ACCEPTED,2022-01-28
1584,ACCEPTED,2022-01-20
1585,REJECTED,2022-01-26
1589,ACCEPTED,2022-01-27
1590,ACCEPTED,2022-02-15
1592,REJECTED,2022-02-28
1593,ACCEPTED,2022-02-03
1595,REJECTED,2022-02-16
1597,ACCEPTED,2022-02-24
1598,ACCEPTED,2022-02-03
1600,REJECTED,2022-02-08
1601,ACCEPTED,2022-01-25
1602,REJECTED,2022-02-09
1603,ACCEPTED,2022-02-17
1604,ACCEPTED,2022-02-08
1605,REJECTED,2022-02-28
1606,REJECTED,2022-02-08
1610,ACCEPTED,2022-01-20
1612,ACCEPTED,2022-02-11
1613,ACCEPTED,2022-01-27
1614,ACCEPTED,2022-02-03
1615,ACCEPTED,2022-02-23
1619,ACCEPTED,2022-02-09
1620,ACCEPTED,2022-02-02
1622,ACCEPTED,2022-02-28
1623,REJECTED,2022-02-04
1624,ACCEPTED,2022-02-28
1625,REJECTED,2022-01-18
1626,ACCEPTED,2022-02-21
1630,ACCEPTED,2022-02-02
1631,REJECTED,2022-02-25
1632,ACCEPTED,2022-02-24
1633,ACCEPTED,2022-02-21
1637,REJECTED,2022-02-21
1638,ACCEPTED,2022-02-04
1639,REJECTED,2022-02-14
1641,ACCEPTED,2022-01-24
1642,ACCEPTED,2022-01-27
1643,REJECTED,2022-01-25
1646,REJECTED,2022-02-10
1648,ACCEPTED,2022-02-11
1649,ACCEPTED,2022-02-22
1650,REJECTED,2022-02-22
1652,ACCEPTED,2022-02-16
1653,ACCEPTED,2022-02-10
1655,ACCEPTED,2022-02-17
1658,ACCEPTED,2022-02-08
1659,ACCEPTED,2022-02-09
1661,REJECTED,2022-02-18
1664,ACCEPTED,2022-02-11
1669,REJECTED,2022-01-25
1670,REJECTED,2022-02-03
1673,ACCEPTED,2022-01-21
1674,REJECTED,2022-02-04
1675,ACCEPTED,2022-02-21
1679,ACCEPTED,2022-02-24
1680,ACCEPTED,2022-02-09
1681,REJECTED,2022-02-09
1682,ACCEPTED,2022-02-03
1683,REJECTED,2022-01-25
1684,ACCEPTED,2022-01-21
1690,REJECTED,2022-02-14
1691,REJECTED,2022-01-18
1692,REJECTED,2022-02-16
1695,ACCEPTED,2022-01-19
1696,REJECTED,2022-01-19
1698,ACCEPTED,2022-02-23
1700,ACCEPTED,2022-02-17
1701,ACCEPTED,2022-02-11
1702,ACCEPTED,2022-02-28
1703,REJECTED,2022-02-03
1704,ACCEPTED,2022-02-24
1705,ACCEPTED,2022-01-26
1708,ACCEPTED,2022-01-24
1709,REJECTED,2022-02-03
1713,ACCEPTED,2022-02-09
1716,ACCEPTED,2022-01-31
1717,ACCEPTED,2022-01-28
1718,REJECTED,2022-01-31
1720,REJECTED,2022-02-02
1721,ACCEPTED,2022-01-28
1722,ACCEPTED,2022-02-18
1723,REJECTED,2022-02-14
1724,ACCEPTED,2022-01-31
1725,REJECTED,2022-02-16
1727,ACCEPTED,2022-02-15
1728,ACCEPTED,2022-01-21
1729,ACCEPTED,2022-02-23
1730,ACCEPTED,2022-02-17
1731,ACCEPTED,2022-02-03
1732,REJECTED,2022-01-31
1733,ACCEPTED,2022-02-07
1734,ACCEPTED,2022-02-03
1736,ACCEPTED,2022-02-09
1737,ACCEPTED,2022-02-28
1738,REJECTED,2022-02-16
1741,ACCEPTED,2022-01-26
1742,ACCEPTED,2022-02-07
1743,ACCEPTED,2022-02-17
1745,REJECTED,2022-02-01
1746,REJECTED,2022-01-28
1749,REJECTED,2022-02-09
1750,ACCEPTED,2022-02-14
1754,ACCEPTED,2022-02-03
1756,ACCEPTED,2022-02-18
1758,ACCEPTED,2022-01-27
1759,REJECTED,2022-02-24
1760,ACCEPTED,2022-02-16
1761,REJECTED,2022-01-24
1762,ACCEPTED,2022-02-10
1763,ACCEPTED,2022-02-14
1764,ACCEPTED,2022-02-25
1765,REJECTED,2022-01-31
1766,ACCEPTED,2022-02-15
1767,ACCEPTED,2022-02-08
1769,ACCEPTED,2022-01-19
1770,ACCEPTED,2022-01-20
1771,REJECTED,2022-02-22
1773,ACCEPTED,2022-02-25
1774,REJECTED,2022-02-04
1775,ACCEPTED,2022-01-21
1776,ACCEPTED,2022-02-18
1777,ACCEPTED,2022-01-31
1778,ACCEPTED,2022-02-03
1779,REJECTED,2022-02-03
1780,ACCEPTED,2022-01-21
1782,ACCEPTED,2022-01-31
1783,ACCEPTED,2022-02-04
1784,REJECTED,2022-01-31
1785,REJECTED,2022-02-04
1787,REJECTED,2022-01-28
1789,ACCEPTED,2022-02-24
1792,REJECTED,2022-02-17
1793,ACCEPTED,2022-02-15
1796,ACCEPTED,2022-01-20
1797,ACCEPTED,2022-02-11
1800,ACCEPTED,2022-01-20
1801,ACCEPTED,2022-02-07
1803,ACCEPTED,2022-02-02
1805,ACCEPTED,2022-02-15
1806,ACCEPTED,2022-02-22
1808,REJECTED,2022-02-14
1809,REJECTED,2022-01-24
1810,ACCEPTED,2022-02-16
1811,ACCEPTED,2022-02-22
1816,REJECTED,2022-01-19
1817,REJECTED,2022-02-07
1821,ACCEPTED,2022-01-27
1824,ACCEPTED,2022-01-26
1826,ACCEPTED,2022-02-01
1827,REJECTED,2022-02-04
1828,ACCEPTED,2022-02-11
1832,ACCEPTED,2022-02-10
1833,ACCEPTED,2022-02-04
1834,ACCEPTED,2022-02-28
1835,ACCEPTED,2022-02-10
1837,ACCEPTED,2022-02-07
1839,REJECTED,2022-02-15
1840,ACCEPTED,2022-01-27
1844,ACCEPTED,2022-01-31
1845,REJECTED,2022-02-21
1846,ACCEPTED,2022-01-24
1847,ACCEPTED,2022-02-17
1848,ACCEPTED,2022-02-25
1849,ACCEPTED,2022-02-01
1850,REJECTED,2022-02-14
1851,ACCEPTED,2022-02-10
1854,ACCEPTED,2022-02-03
1855,REJECTED,2022-02-28
1856,ACCEPTED,2022-01-31
1858,ACCEPTED,2022-01-21
1860,ACCEPTED,2022-01-25
1862,REJECTED,2022-02-04
1865,REJECTED,2022-02-23
1866,ACCEPTED,2022-01-19
1868,ACCEPTED,2022-02-24
1871,ACCEPTED,2022-02-14
1872,ACCEPTED,2022-01-28
1874,ACCEPTED,2022-02-04
1877,ACCEPTED,2022-02-21
1878,ACCEPTED,2022-02-14
1879,ACCEPTED,2022-01-24
1880,ACCEPTED,2022-02-01
1881,ACCEPTED,2022-02-16
1883,ACCEPTED,2022-02-15
1884,ACCEPTED,2022-02-03
1885,ACCEPTED,2022-01-26
1887,REJECTED,2022-02-24
1888,ACCEPTED,2022-02-25
1889,ACCEPTED,2022-01-26
1890,ACCEPTED,2022-02-15
1891,ACCEPTED,2022-02-16
1892,ACCEPTED,2022-02-14
1894,ACCEPTED,2022-01-21
1896,ACCEPTED,2022-02-04
1900,ACCEPTED,2022-01-21
1901,REJECTED,2022-02-08
1904,ACCEPTED,2022-01-31
1905,ACCEPTED,2022-02-07
1906,REJECTED,2022-01-20
1907,ACCEPTED,2022-01-25
1908,REJECTED,2022-02-28
1909,REJECTED,2022-01-19
1912,REJECTED,2022-02-09
1913,REJECTED,2022-02-18
1914,REJECTED,2022-02-10
1915,ACCEPTED,2022-02-03
1917,ACCEPTED,2022-02-09
1919,REJECTED,2022-01-24
1921,ACCEPTED,2022-01-25
1923,ACCEPTED,2022-02-09
1924,ACCEPTED,2022-01-31
1926,REJECTED,2022-01-26
1927,ACCEPTED,2022-02-17
1928,ACCEPTED,2022-01-28
1929,ACCEPTED,2022-02-22
1930,REJECTED,2022-02-02
1932,REJECTED,2022-02-25
1935,REJECTED,2022-02-17
1940,REJECTED,2022-02-23
1941,ACCEPTED,2022-01-24
1942,ACCEPTED,2022-02-08
1943,REJECTED,2022-02-25
1945,ACCEPTED,2022-02-24
1947,ACCEPTED,2022-01-26
1949,ACCEPTED,2022-02-02
1950,REJECTED,2022-01-26
1952,ACCEPTED,2022-01-19
1953,ACCEPTED,2022-02-08
1955,REJECTED,2022-02-07
1956,ACCEPTED,2022-02-09
1957,ACCEPTED,2022-02-04
1958,REJECTED,2022-02-01
1961,ACCEPTED,2022-01-25
1963,ACCEPTED,2022-02-22
1966,ACCEPTED,2022-02-16
1967,ACCEPTED,2022-02-04
1969,ACCEPTED,2022-02-17
1971,REJECTED,2022-02-02
1972,ACCEPTED,2022-02-16
1976,REJECTED,2022-02-16
1977,ACCEPTED,2022-02-10
1979,REJECTED,2022-02-25
1981,REJECTED,2022-02-09
1983,REJECTED,2022-02-01
1985,REJECTED,2022-02-14
1987,REJECTED,2022-02-02
1989,REJECTED,2022-01-31
1990,ACCEPTED,2022-02-14
1991,ACCEPTED,2022-01-31
1992,ACCEPTED,2022-02-24
1993,REJECTED,2022-02-03
1994,REJECTED,2022-01-27
1996,ACCEPTED,2022-02-11
1997,REJECTED,2022-02-22
1998,ACCEPTED,2022-01-21
1999,ACCEPTED,2022-02-17
2001,ACCEPTED,2022-02-25
2002,ACCEPTED,2022-02-28
2004,ACCEPTED,2022-02-17
2007,ACCEPTED,2022-02-09
2008,REJECTED,2022-01-18
2011,REJECTED,2022-02-15
2012,REJECTED,2022-01-24
2013,REJECTED,2022-02-02
2016,ACCEPTED,2022-02-21
2017,REJECTED,2022-02-15
2019,ACCEPTED,2022-02-22
2022,ACCEPTED,2022-01-20
2023,REJECTED,2022-02-01
2024,ACCEPTED,2022-02-08
2026,ACCEPTED,2022-01-19
2027,ACCEPTED,2022-02-28
2028,REJECTED,2022-02-23
2032,ACCEPTED,2022-02-10
2035,ACCEPTED,2022-02-01
2036,ACCEPTED,2022-01-28
2037,REJECTED,2022-01-24
2038,ACCEPTED,2022-02-02
2040,ACCEPTED,2022-02-21
2041,ACCEPTED,2022-01-19
2042,ACCEPTED,2022-02-01
2043,REJECTED,2022-02-18
2045,ACCEPTED,2022-01-25
2046,ACCEPTED,2022-02-21
2050,REJECTED,2022-02-17
2051,ACCEPTED,2022-01-20
2052,ACCEPTED,2022-02-04
2054,REJECTED,2022-02-10
2057,REJECTED,2022-02-23
2058,ACCEPTED,2022-02-10
2059,ACCEPTED,2022-02-09
2064,REJECTED,2022-01-21
2065,REJECTED,2022-02-07
2068,REJECTED,2022-02-22
2069,ACCEPTED,2022-02-11
2070,ACCEPTED,2022-02-11
2071,ACCEPTED,2022-01-20
2072,ACCEPTED,2022-02-21
2073,ACCEPTED,2022-02-08
2074,ACCEPTED,2022-01-26
2076,REJECTED,2022-02-10
2077,REJECTED,2022-02-14
2078,ACCEPTED,2022-01-24
2080,REJECTED,2022-02-04
2081,REJECTED,2022-02-24
2082,ACCEPTED,2022-02-08
2084,ACCEPTED,2022-02-24
2086,ACCEPTED,2022-02-03
2087,ACCEPTED,2022-02-01
2088,ACCEPTED,2022-02-01
2090,ACCEPTED,2022-02-09
2091,ACCEPTED,2022-02-18
2093,ACCEPTED,2022-02-21
2094,ACCEPTED,2022-01-25
2096,ACCEPTED,2022-02-15
2097,ACCEPTED,2022-02-15
2098,ACCEPTED,2022-01-21
2099,ACCEPTED,2022-02-08
2100,ACCEPTED,2022-02-14
2102,ACCEPTED,2022-01-21
2103,ACCEPTED,2022-01-25
2104,ACCEPTED,2022-02-21
2106,ACCEPTED,2022-02-21
2107,ACCEPTED,2022-01-27
2108,ACCEPTED,2022-02-07
2109,ACCEPTED,2022-02-25
2110,ACCEPTED,2022-01-31
2111,ACCEPTED,2022-02-08
2113,ACCEPTED,2022-01-31
2115,ACCEPTED,2022-02-03
2116,ACCEPTED,2022-01-27
2117,ACCEPTED,2022-01-25
2118,REJECTED,2022-02-23
2119,REJECTED,2022-02-11
2121,ACCEPTED,2022-02-23
2122,ACCEPTED,2022-02-02
2123,ACCEPTED,2022-01-20
2124,REJECTED,2022-02-24
2125,ACCEPTED,2022-01-21
2127,ACCEPTED,2022-02-14
2128,ACCEPTED,2022-01-27
2129,ACCEPTED,2022-02-11
2131,ACCEPTED,2022-01-31
2133,ACCEPTED,2022-02-25
2135,ACCEPTED,2022-01-18
2141,ACCEPTED,2022-02-09
2145,REJECTED,2022-02-11
2146,REJECTED,2022-02-16
2147,ACCEPTED,2022-02-10
2150,ACCEPTED,2022-02-23
2152,ACCEPTED,2022-02-17
2154,REJECTED,2022-01-21
2155,ACCEPTED,2022-02-07
2156,ACCEPTED,2022-02-02
2157,ACCEPTED,2022-01-27
2158,ACCEPTED,2022-02-01
2159,ACCEPTED,2022-02-14
2160,REJECTED,2022-02-15
2162,ACCEPTED,2022-01-25
2163,ACCEPTED,2022-02-18
2164,REJECTED,2022-02-01
2166,ACCEPTED,2022-02-15
2167,ACCEPTED,2022-01-27
2169,ACCEPTED,2022-02-21
2170,REJECTED,2022-02-10
2171,ACCEPTED,2022-02-08
2172,ACCEPTED,2022-02-18
2173,ACCEPTED,2022-02-25
2174,REJECTED,2022-01-18
2175,ACCEPTED,2022-02-15
2180,REJECTED,2022-01-21
2181,REJECTED,2022-02-14
2182,ACCEPTED,2022-02-17
2183,ACCEPTED,2022-01-27
2185,ACCEPTED,2022-02-17
2186,ACCEPTED,2022-02-04
2188,REJECTED,2022-02-21
2190,ACCEPTED,2022-02-14
2191,ACCEPTED,2022-02-14
2193,ACCEPTED,2022-02-09
2195,ACCEPTED,2022-02-07
2196,REJECTED,2022-02-16
2198,REJECTED,2022-02-02
2201,ACCEPTED,2022-02-22
2202,ACCEPTED,2022-02-03
2208,REJECTED,2022-02-09
2209,ACCEPTED,2022-01-18
2210,ACCEPTED,2022-01-25
2211,REJECTED,2022-02-24
2212,ACCEPTED,2022-01-24
2213,ACCEPTED,2022-02-24
2214,ACCEPTED,2022-02-21
2215,REJECTED,2022-02-22
2216,ACCEPTED,2022-02-03
2218,REJECTED,2022-02-10
2220,ACCEPTED,2022-02-02
2221,ACCEPTED,2022-02-09
2225,ACCEPTED,2022-02-10
2226,REJECTED,2022-02-04
2229,REJECTED,2022-02-09
2230,ACCEPTED,2022-02-14
2234,ACCEPTED,2022-02-09
2235,ACCEPTED,2022-02-10
2236,ACCEPTED,2022-02-08
2237,REJECTED,2022-02-04
2238,ACCEPTED,2022-02-18
2240,ACCEPTED,2022-02-28
2241,ACCEPTED,2022-02-07
2242,REJECTED,2022-02-07
2243,REJECTED,2022-01-26
2244,ACCEPTED,2022-01-28
2247,ACCEPTED,2022-01-27
2249,ACCEPTED,2022-02-03
2250,ACCEPTED,2022-02-23
2251,ACCEPTED,2022-01-26
2252,REJECTED,2022-02-07
2253,REJECTED,2022-02-01
2255,REJECTED,2022-02-01
2257,REJECTED,2022-02-21
2258,ACCEPTED,2022-02-03
2260,ACCEPTED,2022-02-23
2261,REJECTED,2022-02-02
2262,REJECTED,2022-01-27
2263,ACCEPTED,2022-02-08
2264,ACCEPTED,2022-02-04
2265,REJECTED,2022-02-15
2267,REJECTED,2022-02-28
2268,REJECTED,2022-02-02
2269,REJECTED,2022-02-08
2270,REJECTED,2022-02-09
2271,ACCEPTED,2022-02-08
2272,REJECTED,2022-01-27
2273,REJECTED,2022-02-09
2276,ACCEPTED,2022-02-28
2278,REJECTED,2022-01-21
2279,REJECTED,2022-02-24
2280,ACCEPTED,2022-02-04
2281,ACCEPTED,2022-02-02
2282,ACCEPTED,2022-02-11
2283,REJECTED,2022-02-04
2284,ACCEPTED,2022-01-24
2288,ACCEPTED,2022-01-21
2291,REJECTED,2022-02-11
2292,REJECTED,2022-02-02
2294,ACCEPTED,2022-02-02
2296,REJECTED,2022-01-20
2297,ACCEPTED,2022-02-14
2301,REJECTED,2022-01-21
2302,ACCEPTED,2022-02-25
2306,REJECTED,2022-02-07
2307,REJECTED,2022-01-27
2309,ACCEPTED,2022-01-27
2310,ACCEPTED,2022-02-23
2311,REJECTED,2022-02-08
2312,REJECTED,2022-02-23
2313,ACCEPTED,2022-02-15
2316,REJECTED,2022-02-15
2317,ACCEPTED,2022-01-25
2318,ACCEPTED,2022-02-07
2319,ACCEPTED,2022-02-23
2320,ACCEPTED,2022-02-14
2321,REJECTED,2022-02-15
2322,REJECTED,2022-02-16
2325,ACCEPTED,2022-02-23
2328,ACCEPTED,2022-01-25
2329,ACCEPTED,2022-02-01
2331,REJECTED,2022-01-31
2332,ACCEPTED,2022-02-15
2334,ACCEPTED,2022-02-18
2335,ACCEPTED,2022-02-15
2336,ACCEPTED,2022-02-08
2337,REJECTED,2022-02-07
2338,ACCEPTED,2022-01-20
2339,ACCEPTED,2022-02-25
2340,REJECTED,2022-02-21
2343,REJECTED,2022-02-16
2344,REJECTED,2022-02-07
2346,ACCEPTED,2022-02-16
2347,ACCEPTED,2022-02-03
2348,REJECTED,2022-02-16
2349,ACCEPTED,2022-02-08
2350,ACCEPTED,2022-02-01
2351,ACCEPTED,2022-02-28
2352,ACCEPTED,2022-02-15
2355,REJECTED,2022-01-27
2356,ACCEPTED,2022-02-14
2357,REJECTED,2022-02-17
2358,ACCEPTED,2022-01-21
2361,ACCEPTED,2022-02-21
2362,REJECTED,2022-01-18
2363,REJECTED,2022-02-22
2364,REJECTED,2022-02-03
2365,ACCEPTED,2022-02-24
2367,REJECTED,2022-01-31
2368,ACCEPTED,2022-01-31
2369,ACCEPTED,2022-02-01
2370,REJECTED,2022-01-28
2371,REJECTED,2022-01-27
2372,ACCEPTED,2022-02-25
2377,REJECTED,2022-02-09
2378,ACCEPTED,2022-02-25
2384,REJECTED,2022-02-02
2385,REJECTED,2022-02-28
2387,ACCEPTED,2022-02-10
2389,REJECTED,2022-02-24
2390,REJECTED,2022-02-11
2391,REJECTED,2022-01-31
2392,REJECTED,2022-02-17
2393,REJECTED,2022-02-09
2396,ACCEPTED,2022-02-28
2397,ACCEPTED,2022-01-31
2398,ACCEPTED,2022-02-15
2401,ACCEPTED,2022-02-09
2403,ACCEPTED,2022-02-03
2405,REJECTED,2022-01-28
2407,REJECTED,2022-02-09
2409,ACCEPTED,2022-02-14
2410,REJECTED,2022-02-15
2411,REJECTED,2022-02-07
2415,REJECTED,2022-01-28
2416,ACCEPTED,2022-01-25
2418,ACCEPTED,2022-02-21
2419,ACCEPTED,2022-02-02
2420,REJECTED,2022-02-07
2422,REJECTED,2022-01-21
2423,ACCEPTED,2022-02-08
2424,ACCEPTED,2022-02-17
2426,ACCEPTED,2022-01-31
2428,REJECTED,2022-02-23
2429,REJECTED,2022-01-20
2430,REJECTED,2022-02-28
2433,ACCEPTED,2022-02-15
2436,ACCEPTED,2022-02-21
2437,ACCEPTED,2022-02-16
2438,ACCEPTED,2022-02-16
2439,ACCEPTED,2022-02-11
2440,REJECTED,2022-01-20
2444,ACCEPTED,2022-01-26
2445,ACCEPTED,2022-02-21
2446,ACCEPTED,2022-01-31
2449,ACCEPTED,2022-02-10
2451,ACCEPTED,2022-01-20
2452,REJECTED,2022-01-28
2453,ACCEPTED,2022-02-18
2454,REJECTED,2022-01-31
2455,REJECTED,2022-02-11
2457,REJECTED,2022-02-11
2458,ACCEPTED,2022-02-08
2460,REJECTED,2022-02-21
2461,REJECTED,2022-01-28
2462,ACCEPTED,2022-01-20
2463,REJECTED,2022-02-17
2465,REJECTED,2022-02-23
2466,ACCEPTED,2022-01-31
2467,REJECTED,2022-02-11
2468,REJECTED,2022-02-15
2471,REJECTED,2022-01-27
2472,ACCEPTED,2022-02-08
2473,ACCEPTED,2022-02-25
2475,REJECTED,2022-02-04
2476,ACCEPTED,2022-02-03
2477,ACCEPTED,2022-02-09
2479,ACCEPTED,2022-02-17
2483,ACCEPTED,2022-02-03
2484,ACCEPTED,2022-02-10
2485,ACCEPTED,2022-02-17
2486,ACCEPTED,2022-02-11
2489,ACCEPTED,2022-02-17
2490,REJECTED,2022-02-03
2491,ACCEPTED,2022-02-07
2492,ACCEPTED,2022-01-26
2493,ACCEPTED,2022-02-28
2496,REJECTED,2022-01-21
2497,ACCEPTED,2022-02-08
2498,REJECTED,2022-01-24
2499,ACCEPTED,2022-02-10
2501,ACCEPTED,2022-02-17
2503,ACCEPTED,2022-02-10
2505,REJECTED,2022-02-25
2506,ACCEPTED,2022-02-01
2509,ACCEPTED,2022-02-03
2511,ACCEPTED,2022-01-26
2512,ACCEPTED,2022-01-27
2513,ACCEPTED,2022-02-03
2514,ACCEPTED,2022-02-08
2515,ACCEPTED,2022-02-17
2516,ACCEPTED,2022-02-09
2517,ACCEPTED,2022-02-15
2518,REJECTED,2022-02-14
2520,REJECTED,2022-02-08
2522,REJECTED,2022-02-10
2523,REJECTED,2022-02-03
2525,ACCEPTED,2022-02-22
2526,ACCEPTED,2022-02-21
2527,ACCEPTED,2022-02-03
2528,ACCEPTED,2022-02-16
2529,ACCEPTED,2022-02-21
2530,ACCEPTED,2022-02-16
2531,REJECTED,2022-02-08
2532,ACCEPTED,2022-01-20
2535,ACCEPTED,2022-01-31
2536,REJECTED,2022-01-31
2537,REJECTED,2022-01-31
2538,ACCEPTED,2022-01-28
2539,ACCEPTED,2022-02-04
2541,ACCEPTED,2022-02-18
2542,REJECTED,2022-02-17
2543,REJECTED,2022-02-28
2545,ACCEPTED,2022-02-01
2547,REJECTED,2022-02-10
2548,REJECTED,2022-02-01
2550,REJECTED,2022-02-15
2551,REJECTED,2022-02-01
2553,REJECTED,2022-02-08
2554,REJECTED,2022-01-27
2555,REJECTED,2022-01-21
2560,ACCEPTED,2022-02-23
2563,REJECTED,2022-02-11
2565,REJECTED,2022-02-02
2566,ACCEPTED,2022-01-25
2568,ACCEPTED,2022-01-24
2569,REJECTED,2022-02-02
2570,ACCEPTED,2022-02-02
2573,ACCEPTED,2022-01-25
2574,ACCEPTED,2022-02-23
2575,REJECTED,2022-02-02
2576,ACCEPTED,2022-02-02
2577,REJECTED,2022-02-15
2580,REJECTED,2022-02-04
2583,ACCEPTED,2022-02-17
2585,REJECTED,2022-02-21
2586,ACCEPTED,2022-02-23
2587,REJECTED,2022-01-25
2589,REJECTED,2022-02-03
2590,REJECTED,2022-02-04
2591,ACCEPTED,2022-02-01
2595,ACCEPTED,2022-01-24
2596,ACCEPTED,2022-01-26
2597,REJECTED,2022-01-31
2598,ACCEPTED,2022-02-14
2599,ACCEPTED,2022-01-25
2600,REJECTED,2022-02-23
2601,REJECTED,2022-02-25
2602,REJECTED,2022-02-22
2603,ACCEPTED,2022-02-22
2604,ACCEPTED,2022-02-15
2606,REJECTED,2022-02-08
2607,ACCEPTED,2022-02-15
2608,ACCEPTED,2022-01-19
2611,ACCEPTED,2022-02-17
2614,REJECTED,2022-02-21
2616,REJECTED,2022-01-24
2617,REJECTED,2022-02-22
2619,REJECTED,2022-02-01
2620,REJECTED,2022-02-08
2621,ACCEPTED,2022-02-01
2623,REJECTED,2022-01-24
2624,ACCEPTED,2022-01-24
2626,ACCEPTED,2022-02-10
2627,REJECTED,2022-01-26
2628,ACCEPTED,2022-02-11
2629,ACCEPTED,2022-02-24
2631,REJECTED,2022-02-18
2635,REJECTED,2022-02-15
2637,ACCEPTED,2022-01-28
2639,ACCEPTED,2022-02-14
2641,ACCEPTED,2022-02-09
2642,ACCEPTED,2022-02-07
2643,REJECTED,2022-02-21
2644,ACCEPTED,2022-01-31
2645,ACCEPTED,2022-02-18
2646,ACCEPTED,2022-02-02
2648,REJECTED,2022-02-04
2651,ACCEPTED,2022-01-27
2652,ACCEPTED,2022-01-20
2654,REJECTED,2022-02-03
2656,ACCEPTED,2022-02-04
2657,ACCEPTED,2022-02-14
2658,REJECTED,2022-02-15
2659,REJECTED,2022-02-09
2661,ACCEPTED,2022-02-14
2662,REJECTED,2022-01-31
2663,REJECTED,2022-02-10
2664,ACCEPTED,2022-01-24
2665,REJECTED,2022-02-08
2667,ACCEPTED,2022-01-21
2669,REJECTED,2022-02-14
2670,REJECTED,2022-01-20
2671,ACCEPTED,2022-02-18
2672,ACCEPTED,2022-01-21
2674,REJECTED,2022-02-17
2675,ACCEPTED,2022-02-16
2676,ACCEPTED,2022-02-24
2677,REJECTED,2022-02-18
2680,REJECTED,2022-02-23
2681,ACCEPTED,2022-01-26
2682,REJECTED,2022-02-01
2684,ACCEPTED,2022-02-03
2687,ACCEPTED,2022-02-10
2688,ACCEPTED,2022-02-24
2689,ACCEPTED,2022-02-23
2691,REJECTED,2022-02-15
2692,ACCEPTED,2022-02-02
2693,REJECTED,2022-02-23
2694,ACCEPTED,2022-02-15
2696,ACCEPTED,2022-02-23
2699,REJECTED,2022-01-21
2700,ACCEPTED,2022-02-04
2702,ACCEPTED,2022-02-11
2703,ACCEPTED,2022-02-28
2706,REJECTED,2022-02-07
2710,ACCEPTED,2022-02-24
2712,ACCEPTED,2022-02-15
2713,ACCEPTED,2022-02-02
2714,ACCEPTED,2022-02-14
2715,ACCEPTED,2022-02-22
2716,REJECTED,2022-02-02
2717,ACCEPTED,2022-02-23
2718,REJECTED,2022-02-14
2720,ACCEPTED,2022-02-25
2725,ACCEPTED,2022-02-28
2726,REJECTED,2022-02-14
2728,ACCEPTED,2022-02-09
2730,REJECTED,2022-02-07
2732,ACCEPTED,2022-02-08
2733,ACCEPTED,2022-02-24
2738,ACCEPTED,2022-02-02
2740,ACCEPTED,2022-02-07
2741,ACCEPTED,2022-01-21
2742,ACCEPTED,2022-01-24
2744,ACCEPTED,2022-02-04
2745,ACCEPTED,2022-01-19
2746,REJECTED,2022-01-20
2748,REJECTED,2022-02-09
2750,REJECTED,2022-01-26
2752,REJECTED,2022-02-14
2754,REJECTED,2022-02-11
2755,ACCEPTED,2022-01-27
2757,REJECTED,2022-01-25
2758,ACCEPTED,2022-02-07
2759,ACCEPTED,2022-02-11
2760,ACCEPTED,2022-02-10
2761,ACCEPTED,2022-02-10
2762,ACCEPTED,2022-02-14
2764,ACCEPTED,2022-01-27
2765,ACCEPTED,2022-02-15
2769,REJECTED,2022-01-24
2772,ACCEPTED,2022-02-28
2773,ACCEPTED,2022-01-21
2775,ACCEPTED,2022-01-26
2776,REJECTED,2022-02-07
2777,REJECTED,2022-02-28
2778,REJECTED,2022-02-24
2780,REJECTED,2022-02-18
2782,REJECTED,2022-02-25
2783,REJECTED,2022-02-02
2784,ACCEPTED,2022-02-25
2785,REJECTED,2022-02-24
2787,ACCEPTED,2022-02-21
2790,ACCEPTED,2022-02-28
2792,REJECTED,2022-01-21
2794,ACCEPTED,2022-01-27
2795,ACCEPTED,2022-02-15
2796,REJECTED,2022-01-19
2797,REJECTED,2022-02-18
2800,ACCEPTED,2022-02-24
2801,ACCEPTED,2022-02-14
2803,REJECTED,2022-01-31
2804,REJECTED,2022-02-07
2805,REJECTED,2022-01-27
2806,ACCEPTED,2022-02-04
2807,ACCEPTED,2022-01-24
2808,REJECTED,2022-02-14
2810,ACCEPTED,2022-02-16
2811,ACCEPTED,2022-02-09
2812,REJECTED,2022-02-18
2813,ACCEPTED,2022-02-10
2816,REJECTED,2022-02-01
2818,REJECTED,2022-01-27
2819,ACCEPTED,2022-02-04
2820,REJECTED,2022-02-14
2821,ACCEPTED,2022-02-18
2825,REJECTED,2022-02-14
2826,REJECTED,2022-02-22
2827,REJECTED,2022-02-18
2828,REJECTED,2022-01-28
2829,ACCEPTED,2022-02-17
2831,REJECTED,2022-02-24
2833,ACCEPTED,2022-01-31
2834,ACCEPTED,2022-02-17
2835,REJECTED,2022-02-07
2840,REJECTED,2022-02-04
2842,REJECTED,2022-02-04
2843,REJECTED,2022-02-21
2844,ACCEPTED,2022-01-28
2847,ACCEPTED,2022-02-10
2848,ACCEPTED,2022-02-15
2851,ACCEPTED,2022-02-22
2854,REJECTED,2022-02-11
2855,ACCEPTED,2022-01-21
2857,ACCEPTED,2022-02-08
2860,ACCEPTED,2022-02-25
2861,ACCEPTED,2022-01-18
2863,REJECTED,2022-01-25
2865,ACCEPTED,2022-02-08
2868,REJECTED,2022-02-08
2870,ACCEPTED,2022-02-21
2872,REJECTED,2022-02-21
2874,ACCEPTED,2022-02-02
2876,ACCEPTED,2022-01-21
2877,ACCEPTED,2022-02-28
2879,ACCEPTED,2022-02-28
2880,ACCEPTED,2022-01-20
2881,REJECTED,2022-02-28
2883,ACCEPTED,2022-01-25
2884,REJECTED,2022-02-10
2885,ACCEPTED,2022-02-02
2886,ACCEPTED,2022-01-21
2890,REJECTED,2022-02-15
2892,REJECTED,2022-02-23
2893,ACCEPTED,2022-01-20
2894,ACCEPTED,2022-01-25
2895,ACCEPTED,2022-02-24
2897,REJECTED,2022-02-24
2899,REJECTED,2022-02-16
2900,REJECTED,2022-02-01
2901,ACCEPTED,2022-02-08
2902,REJECTED,2022-02-25
2903,ACCEPTED,2022-02-03
2904,REJECTED,2022-01-28
2905,REJECTED,2022-02-07
2906,ACCEPTED,2022-02-03
2908,REJECTED,2022-02-22
2909,REJECTED,2022-02-09
2911,REJECTED,2022-02-03
2915,ACCEPTED,2022-01-25
2916,REJECTED,2022-02-08
2919,ACCEPTED,2022-02-14
2920,ACCEPTED,2022-02-23
2921,ACCEPTED,2022-01-25
2923,REJECTED,2022-02-28
2924,REJECTED,2022-02-23
2926,ACCEPTED,2022-02-09
2927,ACCEPTED,2022-02-22
2929,REJECTED,2022-02-18
2932,REJECTED,2022-01-26
2935,REJECTED,2022-02-25
2936,ACCEPTED,2022-01-28
2939,REJECTED,2022-02-18
2941,REJECTED,2022-02-16
2942,REJECTED,2022-01-20
2944,REJECTED,2022-02-04
2947,REJECTED,2022-02-09
2948,ACCEPTED,2022-01-28
2949,ACCEPTED,2022-02-08
2952,ACCEPTED,2022-02-21
2954,REJECTED,2022-01-25
2955,ACCEPTED,2022-01-24
2958,REJECTED,2022-02-08
2960,REJECTED,2022-02-21
2962,REJECTED,2022-01-27
2963,ACCEPTED,2022-02-02
2964,REJECTED,2022-02-18
2968,REJECTED,2022-01-20
2969,REJECTED,2022-02-22
2970,REJECTED,2022-02-17
2972,REJECTED,2022-02-24
2973,REJECTED,2022-01-28
2974,ACCEPTED,2022-02-14
2975,ACCEPTED,2022-02-09
2976,REJECTED,2022-01-24
2977,REJECTED,2022-02-03
2978,ACCEPTED,2022-02-18
2979,ACCEPTED,2022-02-16
2980,ACCEPTED,2022-02-21
2981,REJECTED,2022-02-18
2982,ACCEPTED,2022-01-28
2984,REJECTED,2022-02-22
2985,ACCEPTED,2022-02-09
2986,ACCEPTED,2022-02-11
2988,ACCEPTED,2022-01-28
2990,REJECTED,2022-01-25
2991,REJECTED,2022-01-26
2993,REJECTED,2022-02-10
2995,ACCEPTED,2022-02-11
2997,REJECTED,2022-02-01
2998,ACCEPTED,2022-02-23
2999,REJECTED,2022-02-15
3000,ACCEPTED,2022-02-09
3001,REJECTED,2022-02-01
3002,ACCEPTED,2022-02-25
3003,ACCEPTED,2022-01-31
3006,ACCEPTED,2022-02-22
3008,REJECTED,2022-02-21
3010,ACCEPTED,2022-02-22
3011,ACCEPTED,2022-02-09
3012,REJECTED,2022-02-03
3014,REJECTED,2022-02-25
3017,ACCEPTED,2022-02-15
3019,ACCEPTED,2022-02-16
3022,REJECTED,2022-02-01
3023,ACCEPTED,2022-02-21
3024,ACCEPTED,2022-02-24
3025,REJECTED,2022-02-15
3026,ACCEPTED,2022-02-02
3027,ACCEPTED,2022-02-09
3029,ACCEPTED,2022-02-10
3030,REJECTED,2022-01-19
3032,REJECTED,2022-02-24
3036,ACCEPTED,2022-02-21
3038,ACCEPTED,2022-02-08
3039,ACCEPTED,2022-02-25
3040,ACCEPTED,2022-02-02
3042,REJECTED,2022-02-17
3045,REJECTED,2022-01-24
3046,ACCEPTED,2022-01-18
3048,ACCEPTED,2022-01-19
3052,ACCEPTED,2022-02-11
3053,ACCEPTED,2022-02-28
3054,REJECTED,2022-02-24
3055,REJECTED,2022-01-18
3056,ACCEPTED,2022-02-08
3057,ACCEPTED,2022-02-02
3058,ACCEPTED,2022-01-28
3061,REJECTED,2022-02-07
3065,REJECTED,2022-01-31
3066,ACCEPTED,2022-01-19
3068,ACCEPTED,2022-02-11
3069,REJECTED,2022-02-10
3070,ACCEPTED,2022-02-22
3071,REJECTED,2022-02-15
3072,REJECTED,2022-02-01
3073,ACCEPTED,2022-01-24
3075,REJECTED,2022-01-28
3077,REJECTED,2022-01-21
3082,ACCEPTED,2022-02-15
3083,REJECTED,2022-01-20
3085,ACCEPTED,2022-01-21
3087,ACCEPTED,2022-01-28
3089,REJECTED,2022-02-01
3090,REJECTED,2022-02-23
3091,REJECTED,2022-01-24
3092,ACCEPTED,2022-02-17
3093,ACCEPTED,2022-02-14
3094,ACCEPTED,2022-02-10
3097,ACCEPTED,2022-02-02
3098,REJECTED,2022-02-07
3100,REJECTED,2022-01-26
3101,ACCEPTED,2022-02-14
3106,REJECTED,2022-01-26
3108,ACCEPTED,2022-02-07
3109,ACCEPTED,2022-02-07
3111,ACCEPTED,2022-02-11
3114,REJECTED,2022-01-26
3115,ACCEPTED,2022-02-16
3116,ACCEPTED,2022-02-16
3117,ACCEPTED,2022-01-24
3118,ACCEPTED,2022-02-24
3119,ACCEPTED,2022-02-22
3120,ACCEPTED,2022-01-19
3121,REJECTED,2022-01-26
3122,REJECTED,2022-02-25
3123,REJECTED,2022-02-25
3125,REJECTED,2022-02-14
3126,ACCEPTED,2022-02-03
3127,ACCEPTED,2022-02-17
3131,REJECTED,2022-01-26
3133,REJECTED,2022-02-01
3134,ACCEPTED,2022-02-10
3135,ACCEPTED,2022-02-03
3136,ACCEPTED,2022-01-24
3137,ACCEPTED,2022-02-01
3138,ACCEPTED,2022-01-20
3140,REJECTED,2022-02-11
3141,REJECTED,2022-02-02
3142,ACCEPTED,2022-02-16
3143,REJECTED,2022-02-01
3145,ACCEPTED,2022-02-16
3146,ACCEPTED,2022-02-01
3147,ACCEPTED,2022-02-18
3148,REJECTED,2022-02-28
3149,REJECTED,2022-02-07
3152,ACCEPTED,2022-02-10
3155,REJECTED,2022-01-20
3156,ACCEPTED,2022-02-03
3157,REJECTED,2022-01-24
3159,ACCEPTED,2022-01-28
3160,REJECTED,2022-02-03
3164,ACCEPTED,2022-02-03
3165,ACCEPTED,2022-01-25
3166,REJECTED,2022-02-15
3168,ACCEPTED,2022-02-24
3169,ACCEPTED,2022-01-24
3171,REJECTED,2022-02-03
3173,REJECTED,2022-01-26
3178,ACCEPTED,2022-02-07
3180,ACCEPTED,2022-01-25
3181,REJECTED,2022-02-09
3182,ACCEPTED,2022-02-09
3185,REJECTED,2022-02-02
3186,ACCEPTED,2022-02-08
3187,REJECTED,2022-02-28
3191,ACCEPTED,2022-01-28
3193,ACCEPTED,2022-02-16
3194,ACCEPTED,2022-01-26
3195,ACCEPTED,2022-02-01
3196,ACCEPTED,2022-01-26
3198,ACCEPTED,2022-01-21
3200,ACCEPTED,2022-01-19
3201,ACCEPTED,2022-02-01
3202,ACCEPTED,2022-02-18
3203,ACCEPTED,2022-01-26
3204,ACCEPTED,2022-02-24
3205,REJECTED,2022-01-31
3206,ACCEPTED,2022-01-24
3207,ACCEPTED,2022-02-09
3208,ACCEPTED,2022-02-02
3209,ACCEPTED,2022-01-21
3211,REJECTED,2022-02-01
3213,REJECTED,2022-02-01
3214,REJECTED,2022-02-07
3216,REJECTED,2022-01-19
3218,ACCEPTED,2022-02-21
3219,ACCEPTED,2022-02-22
3220,ACCEPTED,2022-02-16
3221,ACCEPTED,2022-02-08
3224,REJECTED,2022-02-03
3225,ACCEPTED,2022-01-27
3227,REJECTED,2022-02-03
3228,REJECTED,2022-02-07
3229,ACCEPTED,2022-01-27
3230,ACCEPTED,2022-02-28
3232,ACCEPTED,2022-01-26
3233,ACCEPTED,2022-02-18
3234,ACCEPTED,2022-02-08
3235,ACCEPTED,2022-01-25
3236,ACCEPTED,2022-02-04
3237,ACCEPTED,2022-02-25
3239,ACCEPTED,2022-02-07
3240,ACCEPTED,2022-02-23
3242,ACCEPTED,2022-02-08
3245,REJECTED,2022-01-31
3246,REJECTED,2022-02-21
3249,ACCEPTED,2022-02-25
3250,ACCEPTED,2022-02-03
3253,REJECTED,2022-02-07
3254,ACCEPTED,2022-02-07
3256,ACCEPTED,2022-02-02
3257,ACCEPTED,2022-01-19
3258,ACCEPTED,2022-01-19
3260,ACCEPTED,2022-01-24
3261,ACCEPTED,2022-01-31
3262,REJECTED,2022-01-26
3264,ACCEPTED,2022-02-17
3265,ACCEPTED,2022-02-25
3266,ACCEPTED,2022-02-10
3267,ACCEPTED,2022-02-02
3268,ACCEPTED,2022-02-21
3269,REJECTED,2022-02-17
3271,REJECTED,2022-02-16
3272,ACCEPTED,2022-02-03
3273,ACCEPTED,2022-01-27
3274,REJECTED,2022-02-08
3276,REJECTED,2022-02-25
3278,ACCEPTED,2022-01-25
3279,ACCEPTED,2022-02-16
3280,ACCEPTED,2022-02-04
3281,REJECTED,2022-01-21
3283,REJECTED,2022-02-09
3284,ACCEPTED,2022-02-03
3286,ACCEPTED,2022-02-21
3287,ACCEPTED,2022-02-17
3291,REJECTED,2022-02-09
3293,ACCEPTED,2022-02-07
3294,REJECTED,2022-02-15
3295,REJECTED,2022-02-25
3298,REJECTED,2022-02-18
3299,REJECTED,2022-02-03
3301,REJECTED,2022-01-25
3302,REJECTED,2022-02-23
3305,REJECTED,2022-02-03
3306,ACCEPTED,2022-02-10
3307,ACCEPTED,2022-01-27
3308,REJECTED,2022-02-02
3312,REJECTED,2022-02-23
3313,REJECTED,2022-02-09
3314,ACCEPTED,2022-02-28
3315,REJECTED,2022-02-17
3318,REJECTED,2022-02-03
3319,ACCEPTED,2022-02-11
3321,ACCEPTED,2022-02-04
3322,ACCEPTED,2022-02-17
3323,ACCEPTED,2022-02-25
3325,REJECTED,2022-02-10
3326,ACCEPTED,2022-02-21
3327,REJECTED,2022-01-28
3329,REJECTED,2022-02-14
3330,REJECTED,2022-02-11
3331,ACCEPTED,2022-02-17
3335,REJECTED,2022-02-17
3338,ACCEPTED,2022-01-25
3339,ACCEPTED,2022-02-15
3342,ACCEPTED,2022-01-31
3343,REJECTED,2022-01-18
3344,REJECTED,2022-01-21
3347,REJECTED,2022-02-02
3348,REJECTED,2022-02-25
3349,REJECTED,2022-02-10
3350,REJECTED,2022-02-15
3351,ACCEPTED,2022-02-22
3352,REJECTED,2022-02-07
3354,REJECTED,2022-02-07
3356,ACCEPTED,2022-02-11
3358,ACCEPTED,2022-01-25
3360,ACCEPTED,2022-02-21
3361,REJECTED,2022-02-14
3364,ACCEPTED,2022-02-25
3365,REJECTED,2022-02-01
3366,ACCEPTED,2022-02-21
3367,REJECTED,2022-02-14
3368,REJECTED,2022-02-25
3369,REJECTED,2022-02-03
3371,ACCEPTED,2022-01-19
3372,ACCEPTED,2022-02-14
3374,ACCEPTED,2022-02-17
3375,REJECTED,2022-02-03
3380,REJECTED,2022-02-24
3381,ACCEPTED,2022-02-28
3382,ACCEPTED,2022-01-31
3385,REJECTED,2022-02-21
3387,ACCEPTED,2022-02-16
3388,ACCEPTED,2022-02-14
3389,ACCEPTED,2022-01-18
3392,ACCEPTED,2022-02-09
3394,REJECTED,2022-02-09
3395,REJECTED,2022-02-08
3396,REJECTED,2022-02-24
3399,ACCEPTED,2022-01-31
3400,ACCEPTED,2022-02-18
3401,ACCEPTED,2022-02-28
3402,REJECTED,2022-02-14
3404,ACCEPTED,2022-02-11
3406,ACCEPTED,2022-02-18
3407,ACCEPTED,2022-01-21
3410,ACCEPTED,2022-02-18
3411,ACCEPTED,2022-02-25
3412,REJECTED,2022-02-14
3414,REJECTED,2022-02-11
3415,ACCEPTED,2022-02-14
3416,REJECTED,2022-02-02
3417,ACCEPTED,2022-02-09
3418,ACCEPTED,2022-02-22
3419,ACCEPTED,2022-01-31
3421,REJECTED,2022-02-02
3424,ACCEPTED,2022-01-27
3425,REJECTED,2022-01-26
3426,ACCEPTED,2022-02-21
3428,REJECTED,2022-02-07
